{
  "level": 3,
  "xPos": 1.37979174,
  "yPos": 23.3858337,
  "deck": []
}