{
  "level": 2,
  "xPos": -0.242988586,
  "yPos": 2.99248862,
  "deck": []
}